interval,numdestroyed,nummigrations,responsetime,avgresponsetime,migrationtime,avgmigrationtime,slaviolations,slaviolationspercentage,waittime
1,0,1,[],0.0,[],0.0,1,0.0,[]
2,0,1,[],0.0,[],0.0,1,0.0,[]
3,0,1,[],0.0,[],0.0,1,0.0,[]
4,2,3,"[736.6093349501181, 499.7670688615671]",618.1882019058426,"[0.10865126666666666, 0.07632019999999999]",0.09248573333333332,1,50.0,"[1, 1]"
5,0,1,[],0.0,[],0.0,1,0.0,[]
6,2,3,"[519.4628449133481, 702.8075376612569]",611.1351912873025,"[1.7672756, 0.07535879999999999]",0.9213172000000001,1,50.0,"[1, 1]"
