interval,numdestroyed,nummigrations,responsetime,avgresponsetime,migrationtime,avgmigrationtime,slaviolations,slaviolationspercentage,waittime
1,0,1,[],0.0,[],0.0,1,0.0,[]
2,0,1,[],0.0,[],0.0,1,0.0,[]
3,0,1,[],0.0,[],0.0,1,0.0,[]
4,0,1,[],0.0,[],0.0,1,0.0,[]
5,1,2,[609.4238988469514],609.4238988469514,[0.0772812],0.0772812,1,100.0,[1]
6,2,3,"[1460.5771714172956, 558.1065743070114]",1009.3418728621535,"[0.12892399999999998, 0.08361633333333333]",0.10627016666666667,1,50.0,"[1, 1]"
